"mean.imp.err","mice.imp.err","rf.imp.err","no.imp.err","t.mice","t.mean","t.rf","t.end"
0.203672264707928,0.19899140780233,0.180298257654026,0.18451561431814,15.5926530321439,0.0109999179840088,2.49052126804988,18.0842909653982
0.241212243908722,0.227555639239953,0.193694626213101,0.18451561431814,14.853290049235,0.0110011100769043,3.24978971481323,18.1042965491613
0.332523345304848,0.217852039329546,0.19311984409675,0.18451561431814,15.6370334029198,0.0279998779296875,3.23464186588923,18.8732919335365
0.466411067869076,0.287712971853894,0.202936180769413,0.18451561431814,15.5075358311335,0.0110020637512207,2.30717646678289,17.815929098924
