"mean.imp.err","mice.imp.err","rf.imp.err","no.imp.err","t.mice","t.mean","t.rf","t.end"
0.457692993722558,0.308154458709329,0.318754693262032,0.248005878623202,21.8935737331708,0.0229368209838867,14.9409614364306,36.8410510818164
1.00165443541847,0.50171678262168,0.507281558907638,0.248005878623202,33.4394686500231,0.0695409774780273,18.6200202186902,52.0656584183375
2.07031111518615,0.953618630968146,0.982534858534627,0.248005878623202,24.2732474327087,0.0312449932098389,5.99176040093104,30.2672498305639
4.02803736647357,1.83933346128095,1.82595162388364,0.248005878623202,26.1898664673169,0.0324881076812744,10.6368677973747,36.829358569781
