"mean.imp.err","mice.imp.err","rf.imp.err","no.imp.err"
0.263889833513649,0.266655596237277,0.253475976097153,0.242928113697647
0.349965617551245,0.308060176029422,0.300314911515631,0.242928113697647
0.395207866527487,0.363989887991093,0.30457872531243,0.242928113697647
0.492749979360833,0.395558694194325,0.291578150375161,0.242928113697647
