"mean.imp.err","mice.imp.err","rf.imp.err","no.imp.err","t.mice","t.mean","t.rf","t.end"
0.270548952604819,0.198729975024627,0.21495903290238,0.18451561431814,11.2727461496989,0.0119998455047607,3.79987265268962,15.073818898201
0.561914890149921,0.241166207693882,0.288939734576505,0.18451561431814,11.1418266495069,0.0150001049041748,2.78176888227463,13.9247788667679
1.13613727015471,0.409262336463916,0.547299068191605,0.18451561431814,11.0241236527761,0.0110018253326416,2.34887454907099,13.3741149028142
1.92967124589074,0.542492702299864,0.728905724181806,0.18451561431814,12.2802724838257,0.0110008716583252,3.14008721907934,15.4214931329091
