"mean.imp.err","mice.imp.err","rf.imp.err","no.imp.err"
0.624724071356624,0.374676981008436,0.496105366453756,0.242928113697647
1.61678044289575,0.913194160388284,1.13228735613433,0.242928113697647
3.68497693876494,2.10304061079618,2.44489138835109,0.242928113697647
8.27718553322475,6.04859316712433,5.04490669796544,0.242928113697647
