"mean.imp.err","mice.imp.err","rf.imp.err","no.imp.err","t.mice","t.mean","t.rf","t.end"
0.259710976286313,0.271675680478923,0.248615972369308,0.248005878623202,39.0031368335088,0.150825023651123,15.7614530682564,54.7700125177701
0.309103787221285,0.382925960406753,0.25907036873874,0.248005878623202,24.8601771155993,0.0309178829193115,11.4505228996277,36.3140244642893
0.372548253491745,0.470483801206455,0.293610373872551,0.248005878623202,32.4740803837776,0.019946813583374,6.11616310278575,38.592753414313
0.611557662533185,0.39144774226521,0.294801178654896,0.248005878623202,34.1715507348379,0.0209438800811768,7.57278883457184,41.7466500520706
